SKU,Product_Name,Category,Brand,Unit_Cost,Selling_Price
SKU0001,Home_Product_1,Home,Nova,223.76,130.0
SKU0002,Grocery_Product_2,Grocery,Smart,35.24,372.93
SKU0003,Home_Product_3,Home,Alpha,129.47,24.6
SKU0004,Sports_Product_4,Sports,Prime,154.08,23.0
SKU0005,Sports_Product_5,Sports,Smart,196.72,277.02
SKU0006,Sports_Product_6,Sports,Eco,178.83,406.62
SKU0007,Electronics_Product_7,Electronics,Prime,210.95,176.72
SKU0008,Grocery_Product_8,Grocery,Prime,287.38,174.93
SKU0009,Home_Product_9,Home,Eco,33.53,425.27
SKU0010,Stationery_Product_10,Stationery,Nova,220.27,272.75
SKU0011,Automotive_Product_11,Automotive,Nova,167.85,416.41
SKU0012,Beauty_Product_12,Beauty,Alpha,61.73,44.08
SKU0013,Sports_Product_13,Sports,Zen,295.64,429.11
SKU0014,Home_Product_14,Home,Eco,87.0,321.49
SKU0015,Beauty_Product_15,Beauty,Prime,114.2,112.66
SKU0016,Stationery_Product_16,Stationery,Smart,281.31,327.54
SKU0017,Grocery_Product_17,Grocery,Alpha,220.09,90.07
SKU0018,Automotive_Product_18,Automotive,Zen,296.91,323.6
SKU0019,Sports_Product_19,Sports,Smart,100.66,386.47
SKU0020,Electronics_Product_20,Electronics,Prime,247.43,404.47
SKU0021,Automotive_Product_21,Automotive,Zen,24.53,457.44
SKU0022,Beauty_Product_22,Beauty,Prime,198.35,203.86
SKU0023,Pet_Product_23,Pet,Prime,83.14,130.85
SKU0024,Stationery_Product_24,Stationery,Smart,177.45,449.93
SKU0025,Automotive_Product_25,Automotive,Zen,69.7,498.79
SKU0026,Pet_Product_26,Pet,Nova,227.96,431.94
SKU0027,Grocery_Product_27,Grocery,Smart,52.19,343.44
SKU0028,Home_Product_28,Home,Eco,117.58,498.1
SKU0029,Stationery_Product_29,Stationery,Alpha,258.93,15.63
SKU0030,Home_Product_30,Home,Smart,266.01,377.93
SKU0031,Beauty_Product_31,Beauty,Nova,91.58,87.5
SKU0032,Electronics_Product_32,Electronics,Smart,263.38,139.06
SKU0033,Grocery_Product_33,Grocery,Alpha,274.23,436.55
SKU0034,Stationery_Product_34,Stationery,Smart,154.76,107.47
SKU0035,Beauty_Product_35,Beauty,Prime,164.12,391.53
SKU0036,Electronics_Product_36,Electronics,Alpha,100.63,19.54
SKU0037,Beauty_Product_37,Beauty,Zen,75.64,128.03
SKU0038,Home_Product_38,Home,Nova,220.91,409.85
SKU0039,Grocery_Product_39,Grocery,Prime,199.63,473.96
SKU0040,Grocery_Product_40,Grocery,Zen,160.66,307.23
SKU0041,Sports_Product_41,Sports,Alpha,227.8,348.04
SKU0042,Stationery_Product_42,Stationery,Eco,298.57,328.44
SKU0043,Pet_Product_43,Pet,Alpha,138.19,131.47
SKU0044,Home_Product_44,Home,Zen,11.21,281.42
SKU0045,Sports_Product_45,Sports,Nova,25.94,319.24
SKU0046,Sports_Product_46,Sports,Nova,272.1,431.22
SKU0047,Home_Product_47,Home,Alpha,75.21,337.8
SKU0048,Sports_Product_48,Sports,Alpha,44.03,468.4
SKU0049,Pet_Product_49,Pet,Prime,236.46,405.67
SKU0050,Sports_Product_50,Sports,Nova,33.59,221.22
SKU0051,Automotive_Product_51,Automotive,Eco,142.77,367.25
SKU0052,Home_Product_52,Home,Nova,123.77,176.26
SKU0053,Home_Product_53,Home,Prime,61.52,272.78
SKU0054,Grocery_Product_54,Grocery,Eco,59.13,236.69
SKU0055,Home_Product_55,Home,Eco,243.37,429.42
SKU0056,Home_Product_56,Home,Nova,197.38,274.89
SKU0057,Electronics_Product_57,Electronics,Nova,278.28,425.86
SKU0058,Grocery_Product_58,Grocery,Eco,148.26,114.74
SKU0059,Automotive_Product_59,Automotive,Nova,53.57,11.06
SKU0060,Automotive_Product_60,Automotive,Zen,278.32,394.71
SKU0061,Stationery_Product_61,Stationery,Eco,210.49,367.95
SKU0062,Pet_Product_62,Pet,Prime,61.02,116.67
SKU0063,Electronics_Product_63,Electronics,Alpha,222.04,39.87
SKU0064,Beauty_Product_64,Beauty,Nova,19.79,243.63
SKU0065,Grocery_Product_65,Grocery,Nova,288.43,49.25
SKU0066,Grocery_Product_66,Grocery,Nova,180.54,340.85
SKU0067,Sports_Product_67,Sports,Eco,40.37,446.24
SKU0068,Sports_Product_68,Sports,Alpha,180.38,313.5
SKU0069,Automotive_Product_69,Automotive,Smart,177.18,266.16
SKU0070,Stationery_Product_70,Stationery,Prime,202.57,163.95
SKU0071,Stationery_Product_71,Stationery,Eco,43.61,326.3
SKU0072,Pet_Product_72,Pet,Zen,279.06,468.51
SKU0073,Electronics_Product_73,Electronics,Eco,188.24,285.87
SKU0074,Home_Product_74,Home,Nova,163.6,257.88
SKU0075,Grocery_Product_75,Grocery,Zen,264.85,440.84
SKU0076,Beauty_Product_76,Beauty,Zen,51.54,418.54
SKU0077,Stationery_Product_77,Stationery,Alpha,295.24,405.48
SKU0078,Electronics_Product_78,Electronics,Smart,246.05,156.7
SKU0079,Home_Product_79,Home,Prime,83.02,445.96
SKU0080,Grocery_Product_80,Grocery,Zen,88.12,113.21
SKU0081,Beauty_Product_81,Beauty,Prime,207.81,427.93
SKU0082,Pet_Product_82,Pet,Zen,272.07,424.59
SKU0083,Home_Product_83,Home,Smart,129.95,145.57
SKU0084,Electronics_Product_84,Electronics,Zen,232.48,322.19
SKU0085,Stationery_Product_85,Stationery,Prime,223.66,280.32
SKU0086,Automotive_Product_86,Automotive,Alpha,7.85,46.87
SKU0087,Grocery_Product_87,Grocery,Alpha,15.63,190.92
SKU0088,Grocery_Product_88,Grocery,Eco,42.6,161.05
SKU0089,Electronics_Product_89,Electronics,Zen,66.97,132.27
SKU0090,Home_Product_90,Home,Zen,235.13,443.23
SKU0091,Automotive_Product_91,Automotive,Alpha,226.1,463.62
SKU0092,Sports_Product_92,Sports,Prime,292.98,407.28
SKU0093,Automotive_Product_93,Automotive,Nova,57.91,463.0
SKU0094,Automotive_Product_94,Automotive,Smart,259.9,407.27
SKU0095,Stationery_Product_95,Stationery,Prime,237.28,62.97
SKU0096,Electronics_Product_96,Electronics,Eco,70.62,410.13
SKU0097,Pet_Product_97,Pet,Zen,95.03,399.72
SKU0098,Sports_Product_98,Sports,Prime,11.98,104.63
SKU0099,Beauty_Product_99,Beauty,Zen,259.98,483.78
SKU0100,Stationery_Product_100,Stationery,Zen,194.24,205.84
SKU0101,Beauty_Product_101,Beauty,Nova,39.03,485.5
SKU0102,Grocery_Product_102,Grocery,Alpha,288.95,140.08
SKU0103,Home_Product_103,Home,Alpha,133.2,366.99
SKU0104,Beauty_Product_104,Beauty,Eco,183.83,260.6
SKU0105,Automotive_Product_105,Automotive,Alpha,61.07,31.75
SKU0106,Automotive_Product_106,Automotive,Nova,158.38,405.19
SKU0107,Sports_Product_107,Sports,Zen,132.23,474.95
SKU0108,Beauty_Product_108,Beauty,Alpha,97.61,425.53
SKU0109,Stationery_Product_109,Stationery,Alpha,96.24,210.11
SKU0110,Automotive_Product_110,Automotive,Smart,92.22,72.37
SKU0111,Automotive_Product_111,Automotive,Smart,282.41,341.89
SKU0112,Grocery_Product_112,Grocery,Alpha,172.89,208.98
SKU0113,Electronics_Product_113,Electronics,Zen,89.64,220.65
SKU0114,Beauty_Product_114,Beauty,Eco,135.33,341.06
SKU0115,Pet_Product_115,Pet,Smart,55.06,51.55
SKU0116,Beauty_Product_116,Beauty,Nova,246.43,378.06
SKU0117,Stationery_Product_117,Stationery,Prime,242.94,82.2
SKU0118,Electronics_Product_118,Electronics,Prime,295.26,309.52
SKU0119,Home_Product_119,Home,Eco,127.26,318.59
SKU0120,Sports_Product_120,Sports,Smart,210.42,252.24
SKU0121,Sports_Product_121,Sports,Prime,198.54,12.72
SKU0122,Home_Product_122,Home,Eco,69.56,404.01
SKU0123,Pet_Product_123,Pet,Nova,169.43,459.56
SKU0124,Home_Product_124,Home,Eco,44.34,237.68
SKU0125,Beauty_Product_125,Beauty,Eco,185.73,362.44
SKU0126,Automotive_Product_126,Automotive,Alpha,136.54,87.99
SKU0127,Pet_Product_127,Pet,Eco,81.46,131.15
SKU0128,Stationery_Product_128,Stationery,Alpha,147.96,127.23
SKU0129,Pet_Product_129,Pet,Nova,215.5,124.9
SKU0130,Beauty_Product_130,Beauty,Zen,268.44,49.48
SKU0131,Grocery_Product_131,Grocery,Prime,118.0,84.87
SKU0132,Sports_Product_132,Sports,Nova,127.39,172.13
SKU0133,Pet_Product_133,Pet,Eco,23.37,418.12
SKU0134,Automotive_Product_134,Automotive,Alpha,284.09,19.57
SKU0135,Automotive_Product_135,Automotive,Eco,6.74,182.36
SKU0136,Automotive_Product_136,Automotive,Eco,163.78,369.97
SKU0137,Sports_Product_137,Sports,Eco,69.73,223.56
SKU0138,Electronics_Product_138,Electronics,Eco,104.16,342.78
SKU0139,Automotive_Product_139,Automotive,Smart,53.69,239.02
SKU0140,Grocery_Product_140,Grocery,Alpha,162.57,454.4
SKU0141,Electronics_Product_141,Electronics,Nova,194.61,76.49
SKU0142,Pet_Product_142,Pet,Prime,19.83,195.76
SKU0143,Sports_Product_143,Sports,Eco,101.42,383.0
SKU0144,Automotive_Product_144,Automotive,Zen,226.84,417.64
SKU0145,Stationery_Product_145,Stationery,Nova,143.74,377.02
SKU0146,Electronics_Product_146,Electronics,Zen,71.15,43.62
SKU0147,Electronics_Product_147,Electronics,Nova,285.14,107.69
SKU0148,Electronics_Product_148,Electronics,Alpha,49.95,71.85
SKU0149,Home_Product_149,Home,Alpha,284.59,237.87
SKU0150,Stationery_Product_150,Stationery,Zen,54.5,307.55
SKU0151,Home_Product_151,Home,Prime,289.59,62.97
SKU0152,Electronics_Product_152,Electronics,Zen,174.86,454.93
SKU0153,Automotive_Product_153,Automotive,Eco,282.73,107.18
SKU0154,Sports_Product_154,Sports,Nova,210.67,157.78
SKU0155,Home_Product_155,Home,Alpha,235.88,180.13
SKU0156,Automotive_Product_156,Automotive,Smart,114.32,257.92
SKU0157,Beauty_Product_157,Beauty,Nova,255.62,412.94
SKU0158,Home_Product_158,Home,Eco,288.43,321.44
SKU0159,Pet_Product_159,Pet,Smart,50.13,96.31
SKU0160,Stationery_Product_160,Stationery,Alpha,243.42,273.7
SKU0161,Pet_Product_161,Pet,Eco,133.49,368.2
SKU0162,Stationery_Product_162,Stationery,Zen,256.26,417.06
SKU0163,Home_Product_163,Home,Zen,265.08,129.49
SKU0164,Pet_Product_164,Pet,Alpha,185.05,195.7
SKU0165,Electronics_Product_165,Electronics,Eco,256.03,99.1
SKU0166,Sports_Product_166,Sports,Zen,240.36,176.77
SKU0167,Stationery_Product_167,Stationery,Alpha,7.99,474.55
SKU0168,Home_Product_168,Home,Prime,217.42,249.4
SKU0169,Sports_Product_169,Sports,Smart,145.45,358.8
SKU0170,Pet_Product_170,Pet,Nova,32.45,118.58
SKU0171,Sports_Product_171,Sports,Zen,200.87,190.82
SKU0172,Beauty_Product_172,Beauty,Eco,299.01,279.69
SKU0173,Beauty_Product_173,Beauty,Smart,138.85,160.25
SKU0174,Sports_Product_174,Sports,Nova,217.78,164.62
SKU0175,Grocery_Product_175,Grocery,Prime,68.83,247.26
SKU0176,Stationery_Product_176,Stationery,Nova,250.63,155.16
SKU0177,Beauty_Product_177,Beauty,Prime,94.17,356.93
SKU0178,Grocery_Product_178,Grocery,Zen,18.43,36.72
SKU0179,Stationery_Product_179,Stationery,Smart,283.51,322.56
SKU0180,Pet_Product_180,Pet,Nova,262.45,291.29
SKU0181,Pet_Product_181,Pet,Eco,134.94,100.34
SKU0182,Electronics_Product_182,Electronics,Zen,282.61,244.09
SKU0183,Home_Product_183,Home,Eco,150.07,292.74
SKU0184,Electronics_Product_184,Electronics,Prime,49.01,285.79
SKU0185,Stationery_Product_185,Stationery,Nova,298.21,68.04
SKU0186,Automotive_Product_186,Automotive,Alpha,180.86,313.02
SKU0187,Automotive_Product_187,Automotive,Eco,273.01,155.7
SKU0188,Automotive_Product_188,Automotive,Zen,172.75,39.51
SKU0189,Home_Product_189,Home,Prime,189.53,139.68
SKU0190,Home_Product_190,Home,Prime,75.76,280.48
SKU0191,Grocery_Product_191,Grocery,Nova,125.51,347.79
SKU0192,Pet_Product_192,Pet,Zen,14.63,151.17
SKU0193,Stationery_Product_193,Stationery,Smart,258.58,44.88
SKU0194,Sports_Product_194,Sports,Zen,237.41,316.28
SKU0195,Sports_Product_195,Sports,Eco,38.86,120.16
SKU0196,Grocery_Product_196,Grocery,Zen,248.86,44.99
SKU0197,Grocery_Product_197,Grocery,Zen,180.54,413.88
SKU0198,Stationery_Product_198,Stationery,Eco,41.68,347.45
SKU0199,Automotive_Product_199,Automotive,Zen,152.64,251.96
SKU0200,Home_Product_200,Home,Alpha,16.76,221.69
SKU0201,Beauty_Product_201,Beauty,Alpha,78.86,54.75
SKU0202,Electronics_Product_202,Electronics,Smart,247.32,292.36
SKU0203,Grocery_Product_203,Grocery,Eco,158.09,226.69
SKU0204,Stationery_Product_204,Stationery,Prime,299.1,223.58
SKU0205,Pet_Product_205,Pet,Nova,143.65,210.09
SKU0206,Beauty_Product_206,Beauty,Smart,35.86,88.8
SKU0207,Automotive_Product_207,Automotive,Smart,151.16,334.67
SKU0208,Automotive_Product_208,Automotive,Alpha,15.83,53.15
SKU0209,Stationery_Product_209,Stationery,Zen,39.2,388.55
SKU0210,Electronics_Product_210,Electronics,Smart,261.46,236.37
SKU0211,Electronics_Product_211,Electronics,Prime,157.94,315.09
SKU0212,Pet_Product_212,Pet,Smart,135.4,35.29
SKU0213,Stationery_Product_213,Stationery,Alpha,43.65,151.13
SKU0214,Pet_Product_214,Pet,Nova,13.52,318.71
SKU0215,Sports_Product_215,Sports,Smart,51.72,279.91
SKU0216,Automotive_Product_216,Automotive,Nova,71.29,422.29
SKU0217,Home_Product_217,Home,Eco,284.38,327.38
SKU0218,Grocery_Product_218,Grocery,Eco,280.13,153.01
SKU0219,Stationery_Product_219,Stationery,Eco,251.24,490.32
SKU0220,Sports_Product_220,Sports,Eco,167.62,197.96
SKU0221,Grocery_Product_221,Grocery,Nova,86.49,397.1
SKU0222,Automotive_Product_222,Automotive,Zen,280.6,258.79
SKU0223,Electronics_Product_223,Electronics,Zen,219.19,420.36
SKU0224,Pet_Product_224,Pet,Prime,136.73,247.33
SKU0225,Beauty_Product_225,Beauty,Alpha,230.05,194.83
SKU0226,Beauty_Product_226,Beauty,Prime,294.33,127.01
SKU0227,Automotive_Product_227,Automotive,Prime,257.52,211.28
SKU0228,Beauty_Product_228,Beauty,Smart,144.53,457.58
SKU0229,Automotive_Product_229,Automotive,Eco,296.58,398.27
SKU0230,Grocery_Product_230,Grocery,Eco,289.62,71.86
SKU0231,Beauty_Product_231,Beauty,Nova,262.89,225.75
SKU0232,Pet_Product_232,Pet,Nova,218.12,210.89
SKU0233,Grocery_Product_233,Grocery,Nova,143.5,484.91
SKU0234,Beauty_Product_234,Beauty,Alpha,209.35,328.42
SKU0235,Beauty_Product_235,Beauty,Smart,258.51,196.2
SKU0236,Beauty_Product_236,Beauty,Smart,217.02,382.11
SKU0237,Electronics_Product_237,Electronics,Alpha,25.18,319.27
SKU0238,Stationery_Product_238,Stationery,Prime,225.3,222.65
SKU0239,Home_Product_239,Home,Smart,212.65,59.25
SKU0240,Grocery_Product_240,Grocery,Smart,93.34,24.18
SKU0241,Beauty_Product_241,Beauty,Nova,91.54,193.67
SKU0242,Grocery_Product_242,Grocery,Prime,161.69,287.3
SKU0243,Grocery_Product_243,Grocery,Prime,56.65,308.65
SKU0244,Automotive_Product_244,Automotive,Alpha,206.52,253.86
SKU0245,Grocery_Product_245,Grocery,Prime,141.04,134.45
SKU0246,Stationery_Product_246,Stationery,Smart,7.77,404.27
SKU0247,Stationery_Product_247,Stationery,Smart,166.25,46.19
SKU0248,Beauty_Product_248,Beauty,Alpha,93.25,481.39
SKU0249,Stationery_Product_249,Stationery,Eco,254.36,107.62
SKU0250,Automotive_Product_250,Automotive,Eco,36.46,196.87
SKU0251,Beauty_Product_251,Beauty,Alpha,92.28,352.65
SKU0252,Electronics_Product_252,Electronics,Smart,121.76,13.97
SKU0253,Electronics_Product_253,Electronics,Alpha,224.83,418.09
SKU0254,Stationery_Product_254,Stationery,Prime,184.08,182.64
SKU0255,Sports_Product_255,Sports,Alpha,78.93,380.23
SKU0256,Grocery_Product_256,Grocery,Smart,33.66,317.45
SKU0257,Electronics_Product_257,Electronics,Zen,237.64,26.35
SKU0258,Beauty_Product_258,Beauty,Smart,43.77,455.72
SKU0259,Beauty_Product_259,Beauty,Smart,127.57,108.39
SKU0260,Beauty_Product_260,Beauty,Alpha,153.03,143.54
SKU0261,Grocery_Product_261,Grocery,Zen,274.64,472.65
SKU0262,Stationery_Product_262,Stationery,Smart,261.77,404.07
SKU0263,Pet_Product_263,Pet,Nova,46.52,483.59
SKU0264,Automotive_Product_264,Automotive,Alpha,112.9,397.43
SKU0265,Electronics_Product_265,Electronics,Zen,163.29,232.85
SKU0266,Stationery_Product_266,Stationery,Alpha,117.4,322.89
SKU0267,Beauty_Product_267,Beauty,Nova,204.08,241.02
SKU0268,Beauty_Product_268,Beauty,Alpha,70.3,40.98
SKU0269,Pet_Product_269,Pet,Smart,94.15,210.06
SKU0270,Grocery_Product_270,Grocery,Nova,284.15,159.14
SKU0271,Pet_Product_271,Pet,Nova,33.67,444.76
SKU0272,Grocery_Product_272,Grocery,Eco,138.82,338.54
SKU0273,Automotive_Product_273,Automotive,Alpha,223.97,85.72
SKU0274,Automotive_Product_274,Automotive,Smart,34.21,249.78
SKU0275,Automotive_Product_275,Automotive,Zen,14.65,191.56
SKU0276,Pet_Product_276,Pet,Eco,285.41,429.17
SKU0277,Home_Product_277,Home,Smart,113.36,451.83
SKU0278,Beauty_Product_278,Beauty,Nova,122.45,103.01
SKU0279,Home_Product_279,Home,Eco,32.04,113.93
SKU0280,Electronics_Product_280,Electronics,Nova,237.1,129.35
SKU0281,Grocery_Product_281,Grocery,Alpha,65.54,416.61
SKU0282,Sports_Product_282,Sports,Alpha,68.71,436.15
SKU0283,Beauty_Product_283,Beauty,Prime,237.65,302.03
SKU0284,Stationery_Product_284,Stationery,Prime,296.32,274.71
SKU0285,Grocery_Product_285,Grocery,Nova,200.01,22.63
SKU0286,Electronics_Product_286,Electronics,Zen,238.05,126.59
SKU0287,Beauty_Product_287,Beauty,Nova,56.4,35.68
SKU0288,Automotive_Product_288,Automotive,Alpha,38.53,41.14
SKU0289,Pet_Product_289,Pet,Zen,156.41,63.44
SKU0290,Sports_Product_290,Sports,Alpha,17.79,393.78
SKU0291,Stationery_Product_291,Stationery,Eco,194.79,25.26
SKU0292,Pet_Product_292,Pet,Eco,130.75,62.9
SKU0293,Pet_Product_293,Pet,Nova,270.28,167.83
SKU0294,Grocery_Product_294,Grocery,Nova,42.23,315.92
SKU0295,Beauty_Product_295,Beauty,Eco,298.42,269.97
SKU0296,Pet_Product_296,Pet,Alpha,183.6,58.6
SKU0297,Home_Product_297,Home,Smart,197.02,386.79
SKU0298,Sports_Product_298,Sports,Eco,138.21,121.96
SKU0299,Beauty_Product_299,Beauty,Eco,122.63,367.51
SKU0300,Beauty_Product_300,Beauty,Eco,97.19,134.9
SKU0301,Grocery_Product_301,Grocery,Smart,277.28,42.9
SKU0302,Home_Product_302,Home,Nova,132.4,374.85
SKU0303,Beauty_Product_303,Beauty,Prime,169.13,297.37
SKU0304,Beauty_Product_304,Beauty,Smart,41.06,183.26
SKU0305,Automotive_Product_305,Automotive,Smart,20.18,150.94
SKU0306,Stationery_Product_306,Stationery,Zen,35.56,258.63
SKU0307,Grocery_Product_307,Grocery,Smart,147.25,425.16
SKU0308,Beauty_Product_308,Beauty,Alpha,113.43,383.68
SKU0309,Sports_Product_309,Sports,Eco,254.32,487.53
SKU0310,Electronics_Product_310,Electronics,Alpha,279.08,416.44
SKU0311,Stationery_Product_311,Stationery,Nova,58.22,354.32
SKU0312,Stationery_Product_312,Stationery,Zen,108.55,98.89
SKU0313,Grocery_Product_313,Grocery,Alpha,198.92,44.1
SKU0314,Electronics_Product_314,Electronics,Nova,225.1,115.42
SKU0315,Automotive_Product_315,Automotive,Eco,105.56,191.33
SKU0316,Beauty_Product_316,Beauty,Alpha,180.89,442.84
SKU0317,Grocery_Product_317,Grocery,Prime,227.56,34.38
SKU0318,Home_Product_318,Home,Zen,135.72,217.77
SKU0319,Pet_Product_319,Pet,Eco,85.58,379.92
SKU0320,Home_Product_320,Home,Zen,131.82,148.79
SKU0321,Pet_Product_321,Pet,Alpha,201.8,32.25
SKU0322,Automotive_Product_322,Automotive,Alpha,21.16,110.17
SKU0323,Sports_Product_323,Sports,Prime,230.43,151.83
SKU0324,Home_Product_324,Home,Nova,151.73,221.02
SKU0325,Grocery_Product_325,Grocery,Eco,162.11,122.75
SKU0326,Beauty_Product_326,Beauty,Nova,122.14,373.6
SKU0327,Automotive_Product_327,Automotive,Nova,140.63,48.15
SKU0328,Beauty_Product_328,Beauty,Alpha,131.64,208.17
SKU0329,Automotive_Product_329,Automotive,Zen,38.98,20.22
SKU0330,Beauty_Product_330,Beauty,Prime,241.39,312.88
SKU0331,Beauty_Product_331,Beauty,Nova,133.83,61.87
SKU0332,Automotive_Product_332,Automotive,Alpha,123.13,48.54
SKU0333,Stationery_Product_333,Stationery,Smart,105.16,173.2
SKU0334,Grocery_Product_334,Grocery,Nova,155.59,65.87
SKU0335,Sports_Product_335,Sports,Zen,108.57,479.53
SKU0336,Grocery_Product_336,Grocery,Prime,35.33,135.42
SKU0337,Grocery_Product_337,Grocery,Alpha,50.1,381.98
SKU0338,Home_Product_338,Home,Prime,285.63,317.69
SKU0339,Pet_Product_339,Pet,Alpha,229.16,229.96
SKU0340,Beauty_Product_340,Beauty,Smart,98.26,225.48
SKU0341,Pet_Product_341,Pet,Eco,191.26,400.2
SKU0342,Electronics_Product_342,Electronics,Zen,154.66,162.1
SKU0343,Pet_Product_343,Pet,Nova,21.78,417.53
SKU0344,Home_Product_344,Home,Smart,259.95,429.09
SKU0345,Automotive_Product_345,Automotive,Eco,176.2,477.57
SKU0346,Electronics_Product_346,Electronics,Eco,273.17,290.11
SKU0347,Sports_Product_347,Sports,Zen,183.48,255.67
SKU0348,Electronics_Product_348,Electronics,Eco,35.53,450.57
SKU0349,Beauty_Product_349,Beauty,Smart,29.88,326.6
SKU0350,Electronics_Product_350,Electronics,Prime,213.75,495.58
SKU0351,Grocery_Product_351,Grocery,Zen,114.99,148.62
SKU0352,Automotive_Product_352,Automotive,Zen,205.27,35.66
SKU0353,Beauty_Product_353,Beauty,Nova,102.26,283.4
SKU0354,Automotive_Product_354,Automotive,Zen,79.34,427.27
SKU0355,Grocery_Product_355,Grocery,Zen,29.04,335.17
SKU0356,Beauty_Product_356,Beauty,Zen,290.47,352.26
SKU0357,Automotive_Product_357,Automotive,Prime,180.54,469.62
SKU0358,Stationery_Product_358,Stationery,Alpha,116.12,397.91
SKU0359,Grocery_Product_359,Grocery,Smart,212.34,474.08
SKU0360,Home_Product_360,Home,Smart,202.78,259.16
SKU0361,Electronics_Product_361,Electronics,Zen,96.12,476.07
SKU0362,Beauty_Product_362,Beauty,Eco,61.64,499.99
SKU0363,Grocery_Product_363,Grocery,Nova,92.26,396.18
SKU0364,Electronics_Product_364,Electronics,Smart,104.35,385.49
SKU0365,Grocery_Product_365,Grocery,Alpha,116.13,89.5
SKU0366,Grocery_Product_366,Grocery,Smart,134.11,211.32
SKU0367,Sports_Product_367,Sports,Eco,185.13,378.67
SKU0368,Pet_Product_368,Pet,Prime,162.53,161.64
SKU0369,Pet_Product_369,Pet,Prime,113.51,474.09
SKU0370,Pet_Product_370,Pet,Eco,231.98,391.28
SKU0371,Automotive_Product_371,Automotive,Prime,245.98,402.62
SKU0372,Grocery_Product_372,Grocery,Zen,20.39,245.49
SKU0373,Beauty_Product_373,Beauty,Alpha,280.62,358.59
SKU0374,Home_Product_374,Home,Zen,29.74,88.55
SKU0375,Pet_Product_375,Pet,Alpha,48.47,224.36
SKU0376,Sports_Product_376,Sports,Eco,265.97,465.93
SKU0377,Automotive_Product_377,Automotive,Nova,121.95,193.24
SKU0378,Automotive_Product_378,Automotive,Nova,115.6,23.81
SKU0379,Home_Product_379,Home,Smart,196.74,397.78
SKU0380,Grocery_Product_380,Grocery,Nova,89.63,416.58
SKU0381,Grocery_Product_381,Grocery,Smart,143.39,311.52
SKU0382,Home_Product_382,Home,Nova,80.5,419.13
SKU0383,Automotive_Product_383,Automotive,Nova,233.97,126.44
SKU0384,Home_Product_384,Home,Nova,75.34,323.09
SKU0385,Pet_Product_385,Pet,Nova,37.7,453.52
SKU0386,Electronics_Product_386,Electronics,Smart,157.04,128.55
SKU0387,Grocery_Product_387,Grocery,Zen,131.63,311.26
SKU0388,Sports_Product_388,Sports,Alpha,127.89,335.54
SKU0389,Home_Product_389,Home,Alpha,292.52,43.16
SKU0390,Electronics_Product_390,Electronics,Eco,262.63,31.33
SKU0391,Automotive_Product_391,Automotive,Zen,79.83,17.96
SKU0392,Home_Product_392,Home,Zen,76.13,331.98
SKU0393,Home_Product_393,Home,Alpha,221.88,172.93
SKU0394,Electronics_Product_394,Electronics,Zen,166.07,408.62
SKU0395,Grocery_Product_395,Grocery,Smart,142.06,350.74
SKU0396,Grocery_Product_396,Grocery,Prime,23.61,390.33
SKU0397,Pet_Product_397,Pet,Nova,91.57,31.47
SKU0398,Sports_Product_398,Sports,Nova,98.1,161.94
SKU0399,Automotive_Product_399,Automotive,Alpha,144.65,27.94
SKU0400,Sports_Product_400,Sports,Zen,110.31,392.61
SKU0401,Beauty_Product_401,Beauty,Zen,41.72,190.33
SKU0402,Automotive_Product_402,Automotive,Smart,134.72,478.67
SKU0403,Beauty_Product_403,Beauty,Prime,151.38,253.79
SKU0404,Stationery_Product_404,Stationery,Nova,219.49,48.67
SKU0405,Grocery_Product_405,Grocery,Alpha,91.66,60.27
SKU0406,Beauty_Product_406,Beauty,Smart,92.21,228.5
SKU0407,Automotive_Product_407,Automotive,Prime,208.48,182.26
SKU0408,Electronics_Product_408,Electronics,Smart,261.66,182.75
SKU0409,Automotive_Product_409,Automotive,Zen,193.64,397.82
SKU0410,Electronics_Product_410,Electronics,Nova,203.0,209.04
SKU0411,Grocery_Product_411,Grocery,Nova,47.12,307.71
SKU0412,Pet_Product_412,Pet,Nova,42.24,125.64
SKU0413,Beauty_Product_413,Beauty,Zen,117.94,287.95
SKU0414,Grocery_Product_414,Grocery,Smart,137.73,191.77
SKU0415,Pet_Product_415,Pet,Nova,174.31,269.44
SKU0416,Automotive_Product_416,Automotive,Zen,196.62,132.31
SKU0417,Home_Product_417,Home,Nova,222.02,254.53
SKU0418,Automotive_Product_418,Automotive,Alpha,39.74,389.73
SKU0419,Pet_Product_419,Pet,Prime,298.93,149.93
SKU0420,Pet_Product_420,Pet,Prime,41.18,427.88
SKU0421,Pet_Product_421,Pet,Prime,270.11,228.1
SKU0422,Home_Product_422,Home,Smart,290.43,493.42
SKU0423,Beauty_Product_423,Beauty,Smart,24.16,275.66
SKU0424,Stationery_Product_424,Stationery,Prime,214.98,464.39
SKU0425,Grocery_Product_425,Grocery,Zen,155.08,69.47
SKU0426,Sports_Product_426,Sports,Prime,74.84,252.07
SKU0427,Beauty_Product_427,Beauty,Alpha,173.82,239.03
SKU0428,Grocery_Product_428,Grocery,Alpha,265.85,42.22
SKU0429,Automotive_Product_429,Automotive,Smart,217.07,267.59
SKU0430,Automotive_Product_430,Automotive,Alpha,26.76,486.47
SKU0431,Home_Product_431,Home,Eco,142.42,263.51
SKU0432,Grocery_Product_432,Grocery,Alpha,193.74,99.16
SKU0433,Grocery_Product_433,Grocery,Eco,153.34,435.42
SKU0434,Home_Product_434,Home,Alpha,50.14,90.68
SKU0435,Beauty_Product_435,Beauty,Smart,71.51,474.27
SKU0436,Stationery_Product_436,Stationery,Nova,78.93,321.18
SKU0437,Stationery_Product_437,Stationery,Prime,189.38,311.07
SKU0438,Home_Product_438,Home,Alpha,194.09,299.99
SKU0439,Grocery_Product_439,Grocery,Prime,199.33,363.11
SKU0440,Beauty_Product_440,Beauty,Alpha,17.15,433.25
SKU0441,Home_Product_441,Home,Nova,284.82,387.8
SKU0442,Stationery_Product_442,Stationery,Smart,67.19,290.35
SKU0443,Electronics_Product_443,Electronics,Eco,267.25,277.33
SKU0444,Stationery_Product_444,Stationery,Eco,77.24,405.6
SKU0445,Automotive_Product_445,Automotive,Zen,138.8,347.42
SKU0446,Grocery_Product_446,Grocery,Eco,127.61,237.58
SKU0447,Beauty_Product_447,Beauty,Alpha,47.38,432.13
SKU0448,Beauty_Product_448,Beauty,Smart,296.47,179.23
SKU0449,Automotive_Product_449,Automotive,Prime,229.4,262.34
SKU0450,Home_Product_450,Home,Zen,76.31,70.04
SKU0451,Pet_Product_451,Pet,Prime,46.56,34.8
SKU0452,Automotive_Product_452,Automotive,Alpha,128.35,481.72
SKU0453,Grocery_Product_453,Grocery,Zen,280.46,363.35
SKU0454,Sports_Product_454,Sports,Prime,151.99,262.22
SKU0455,Pet_Product_455,Pet,Zen,151.72,54.12
SKU0456,Automotive_Product_456,Automotive,Alpha,139.88,127.96
SKU0457,Beauty_Product_457,Beauty,Nova,19.91,252.5
SKU0458,Pet_Product_458,Pet,Zen,163.32,425.11
SKU0459,Automotive_Product_459,Automotive,Prime,265.32,366.48
SKU0460,Automotive_Product_460,Automotive,Zen,18.35,35.07
SKU0461,Sports_Product_461,Sports,Zen,168.2,46.03
SKU0462,Pet_Product_462,Pet,Alpha,87.52,494.65
SKU0463,Home_Product_463,Home,Prime,292.65,203.01
SKU0464,Beauty_Product_464,Beauty,Alpha,281.99,379.93
SKU0465,Sports_Product_465,Sports,Alpha,155.19,255.04
SKU0466,Electronics_Product_466,Electronics,Nova,45.43,173.19
SKU0467,Pet_Product_467,Pet,Alpha,139.81,307.07
SKU0468,Grocery_Product_468,Grocery,Zen,279.75,166.08
SKU0469,Automotive_Product_469,Automotive,Alpha,223.1,156.62
SKU0470,Beauty_Product_470,Beauty,Alpha,249.35,270.85
SKU0471,Stationery_Product_471,Stationery,Eco,245.65,190.5
SKU0472,Home_Product_472,Home,Eco,177.19,400.41
SKU0473,Electronics_Product_473,Electronics,Alpha,145.0,483.86
SKU0474,Sports_Product_474,Sports,Smart,20.15,245.42
SKU0475,Automotive_Product_475,Automotive,Prime,247.39,128.68
SKU0476,Home_Product_476,Home,Prime,10.59,163.71
SKU0477,Grocery_Product_477,Grocery,Eco,208.7,211.08
SKU0478,Pet_Product_478,Pet,Smart,219.58,355.83
SKU0479,Sports_Product_479,Sports,Alpha,100.89,334.49
SKU0480,Automotive_Product_480,Automotive,Zen,287.22,235.24
SKU0481,Beauty_Product_481,Beauty,Alpha,109.51,388.27
SKU0482,Stationery_Product_482,Stationery,Alpha,147.83,479.1
SKU0483,Stationery_Product_483,Stationery,Alpha,93.06,471.33
SKU0484,Stationery_Product_484,Stationery,Zen,212.95,348.22
SKU0485,Pet_Product_485,Pet,Zen,146.54,284.64
SKU0486,Stationery_Product_486,Stationery,Zen,40.95,341.54
SKU0487,Automotive_Product_487,Automotive,Eco,246.42,477.76
SKU0488,Grocery_Product_488,Grocery,Zen,17.41,478.1
SKU0489,Home_Product_489,Home,Zen,277.58,331.43
SKU0490,Pet_Product_490,Pet,Prime,64.61,273.9
SKU0491,Stationery_Product_491,Stationery,Prime,37.22,373.04
SKU0492,Sports_Product_492,Sports,Prime,19.98,453.54
SKU0493,Sports_Product_493,Sports,Smart,73.69,59.1
SKU0494,Beauty_Product_494,Beauty,Smart,144.36,343.78
SKU0495,Grocery_Product_495,Grocery,Nova,289.53,489.18
SKU0496,Grocery_Product_496,Grocery,Eco,197.6,441.52
SKU0497,Pet_Product_497,Pet,Eco,196.91,380.4
SKU0498,Stationery_Product_498,Stationery,Zen,89.2,38.99
SKU0499,Home_Product_499,Home,Smart,174.37,272.22
SKU0500,Electronics_Product_500,Electronics,Prime,128.28,420.43
SKU0501,Electronics_Product_501,Electronics,Eco,237.45,101.29
SKU0502,Stationery_Product_502,Stationery,Nova,7.73,288.3
SKU0503,Home_Product_503,Home,Zen,88.95,494.66
SKU0504,Pet_Product_504,Pet,Prime,256.06,239.33
SKU0505,Sports_Product_505,Sports,Nova,102.55,368.25
SKU0506,Stationery_Product_506,Stationery,Smart,59.93,370.94
SKU0507,Stationery_Product_507,Stationery,Alpha,203.95,104.65
SKU0508,Automotive_Product_508,Automotive,Eco,157.01,52.5
SKU0509,Home_Product_509,Home,Prime,294.6,243.95
SKU0510,Sports_Product_510,Sports,Nova,81.93,125.41
SKU0511,Stationery_Product_511,Stationery,Zen,94.07,364.21
SKU0512,Electronics_Product_512,Electronics,Zen,197.84,349.46
SKU0513,Electronics_Product_513,Electronics,Smart,39.88,160.34
SKU0514,Automotive_Product_514,Automotive,Smart,153.24,448.61
SKU0515,Stationery_Product_515,Stationery,Smart,39.64,458.9
SKU0516,Stationery_Product_516,Stationery,Zen,186.31,117.37
SKU0517,Grocery_Product_517,Grocery,Eco,50.19,376.39
SKU0518,Beauty_Product_518,Beauty,Eco,212.07,457.27
SKU0519,Sports_Product_519,Sports,Prime,205.7,301.95
SKU0520,Home_Product_520,Home,Alpha,136.79,354.85
SKU0521,Home_Product_521,Home,Alpha,38.1,416.1
SKU0522,Sports_Product_522,Sports,Alpha,163.31,90.62
SKU0523,Pet_Product_523,Pet,Nova,205.69,361.29
SKU0524,Pet_Product_524,Pet,Nova,270.17,228.29
SKU0525,Electronics_Product_525,Electronics,Eco,43.92,213.56
SKU0526,Electronics_Product_526,Electronics,Alpha,141.4,405.39
SKU0527,Electronics_Product_527,Electronics,Eco,80.06,11.48
SKU0528,Sports_Product_528,Sports,Alpha,26.54,217.61
SKU0529,Home_Product_529,Home,Alpha,298.27,467.95
SKU0530,Home_Product_530,Home,Eco,14.36,210.34
SKU0531,Grocery_Product_531,Grocery,Smart,293.61,326.48
SKU0532,Automotive_Product_532,Automotive,Zen,297.89,197.42
SKU0533,Automotive_Product_533,Automotive,Eco,28.67,482.43
SKU0534,Grocery_Product_534,Grocery,Smart,258.78,68.13
SKU0535,Automotive_Product_535,Automotive,Alpha,42.57,489.57
SKU0536,Electronics_Product_536,Electronics,Nova,293.65,236.87
SKU0537,Automotive_Product_537,Automotive,Alpha,116.89,122.54
SKU0538,Pet_Product_538,Pet,Zen,50.76,102.36
SKU0539,Home_Product_539,Home,Nova,243.8,215.43
SKU0540,Electronics_Product_540,Electronics,Prime,65.79,59.44
SKU0541,Electronics_Product_541,Electronics,Eco,181.35,354.61
SKU0542,Electronics_Product_542,Electronics,Prime,223.46,207.11
SKU0543,Sports_Product_543,Sports,Alpha,69.09,433.23
SKU0544,Electronics_Product_544,Electronics,Prime,153.65,151.74
SKU0545,Beauty_Product_545,Beauty,Alpha,181.39,339.54
SKU0546,Beauty_Product_546,Beauty,Prime,94.02,80.2
SKU0547,Sports_Product_547,Sports,Eco,93.65,39.87
SKU0548,Grocery_Product_548,Grocery,Smart,205.23,282.37
SKU0549,Electronics_Product_549,Electronics,Zen,282.77,338.96
SKU0550,Beauty_Product_550,Beauty,Smart,127.82,83.12
SKU0551,Automotive_Product_551,Automotive,Prime,227.55,242.02
SKU0552,Sports_Product_552,Sports,Zen,257.97,80.73
SKU0553,Pet_Product_553,Pet,Nova,170.9,484.22
SKU0554,Grocery_Product_554,Grocery,Eco,76.64,109.63
SKU0555,Home_Product_555,Home,Eco,254.9,55.31
SKU0556,Sports_Product_556,Sports,Nova,84.2,340.1
SKU0557,Electronics_Product_557,Electronics,Nova,60.51,383.23
SKU0558,Sports_Product_558,Sports,Eco,66.62,454.45
SKU0559,Stationery_Product_559,Stationery,Nova,67.48,103.11
SKU0560,Home_Product_560,Home,Smart,299.87,244.67
SKU0561,Sports_Product_561,Sports,Smart,183.3,110.21
SKU0562,Sports_Product_562,Sports,Alpha,99.88,148.7
SKU0563,Pet_Product_563,Pet,Alpha,196.37,161.13
SKU0564,Beauty_Product_564,Beauty,Alpha,265.43,238.34
SKU0565,Pet_Product_565,Pet,Zen,274.73,191.65
SKU0566,Automotive_Product_566,Automotive,Nova,170.94,118.42
SKU0567,Grocery_Product_567,Grocery,Nova,81.93,468.03
SKU0568,Automotive_Product_568,Automotive,Zen,49.96,171.63
SKU0569,Automotive_Product_569,Automotive,Alpha,250.84,254.66
SKU0570,Beauty_Product_570,Beauty,Zen,230.19,249.42
SKU0571,Pet_Product_571,Pet,Eco,54.63,399.54
SKU0572,Grocery_Product_572,Grocery,Prime,217.49,249.27
SKU0573,Electronics_Product_573,Electronics,Alpha,14.98,424.88
SKU0574,Electronics_Product_574,Electronics,Nova,126.66,422.85
SKU0575,Sports_Product_575,Sports,Nova,213.62,14.48
SKU0576,Pet_Product_576,Pet,Zen,22.83,322.49
SKU0577,Pet_Product_577,Pet,Smart,148.92,13.24
SKU0578,Automotive_Product_578,Automotive,Nova,9.93,363.87
SKU0579,Stationery_Product_579,Stationery,Nova,153.15,351.95
SKU0580,Automotive_Product_580,Automotive,Prime,36.57,57.19
SKU0581,Grocery_Product_581,Grocery,Prime,61.62,267.96
SKU0582,Beauty_Product_582,Beauty,Zen,239.51,48.72
SKU0583,Automotive_Product_583,Automotive,Eco,171.68,495.21
SKU0584,Sports_Product_584,Sports,Zen,206.79,425.45
SKU0585,Electronics_Product_585,Electronics,Nova,124.56,194.81
SKU0586,Pet_Product_586,Pet,Nova,192.84,354.39
SKU0587,Home_Product_587,Home,Eco,254.37,326.0
SKU0588,Beauty_Product_588,Beauty,Alpha,293.31,487.18
SKU0589,Electronics_Product_589,Electronics,Prime,67.37,435.38
SKU0590,Pet_Product_590,Pet,Zen,18.74,46.43
SKU0591,Stationery_Product_591,Stationery,Alpha,171.24,26.12
SKU0592,Beauty_Product_592,Beauty,Nova,288.63,297.65
SKU0593,Automotive_Product_593,Automotive,Nova,93.29,286.34
SKU0594,Automotive_Product_594,Automotive,Smart,269.48,172.55
SKU0595,Grocery_Product_595,Grocery,Smart,218.63,255.39
SKU0596,Beauty_Product_596,Beauty,Nova,33.82,123.75
SKU0597,Home_Product_597,Home,Zen,183.52,310.79
SKU0598,Automotive_Product_598,Automotive,Zen,13.74,143.93
SKU0599,Pet_Product_599,Pet,Eco,72.3,280.99
SKU0600,Automotive_Product_600,Automotive,Eco,59.79,297.08
SKU0601,Automotive_Product_601,Automotive,Nova,232.79,154.74
SKU0602,Sports_Product_602,Sports,Smart,26.68,141.31
SKU0603,Automotive_Product_603,Automotive,Smart,236.25,85.6
SKU0604,Automotive_Product_604,Automotive,Zen,111.41,54.85
SKU0605,Stationery_Product_605,Stationery,Eco,111.18,142.19
SKU0606,Grocery_Product_606,Grocery,Nova,60.28,229.93
SKU0607,Automotive_Product_607,Automotive,Nova,12.75,183.42
SKU0608,Home_Product_608,Home,Alpha,181.42,168.97
SKU0609,Automotive_Product_609,Automotive,Nova,91.09,200.02
SKU0610,Home_Product_610,Home,Smart,270.84,453.55
SKU0611,Sports_Product_611,Sports,Alpha,158.73,345.8
SKU0612,Grocery_Product_612,Grocery,Prime,84.33,141.52
SKU0613,Grocery_Product_613,Grocery,Nova,54.33,145.22
SKU0614,Stationery_Product_614,Stationery,Eco,235.89,186.95
SKU0615,Sports_Product_615,Sports,Smart,189.38,300.97
SKU0616,Sports_Product_616,Sports,Eco,36.56,159.28
SKU0617,Automotive_Product_617,Automotive,Zen,253.28,196.15
SKU0618,Beauty_Product_618,Beauty,Eco,103.75,409.58
SKU0619,Grocery_Product_619,Grocery,Zen,99.6,474.17
SKU0620,Sports_Product_620,Sports,Eco,97.68,482.64
SKU0621,Beauty_Product_621,Beauty,Zen,221.79,320.12
SKU0622,Sports_Product_622,Sports,Zen,115.94,410.08
SKU0623,Automotive_Product_623,Automotive,Zen,38.6,286.29
SKU0624,Grocery_Product_624,Grocery,Smart,231.45,23.19
SKU0625,Pet_Product_625,Pet,Smart,66.85,400.87
SKU0626,Home_Product_626,Home,Eco,203.53,78.2
SKU0627,Stationery_Product_627,Stationery,Prime,79.54,85.53
SKU0628,Automotive_Product_628,Automotive,Eco,26.82,495.44
SKU0629,Pet_Product_629,Pet,Alpha,123.24,258.24
SKU0630,Automotive_Product_630,Automotive,Alpha,15.85,484.53
SKU0631,Home_Product_631,Home,Nova,231.84,332.22
SKU0632,Beauty_Product_632,Beauty,Prime,195.86,31.71
SKU0633,Automotive_Product_633,Automotive,Zen,289.89,220.92
SKU0634,Electronics_Product_634,Electronics,Nova,81.33,260.23
SKU0635,Sports_Product_635,Sports,Eco,115.37,236.9
SKU0636,Grocery_Product_636,Grocery,Zen,299.32,246.56
SKU0637,Stationery_Product_637,Stationery,Eco,276.56,52.07
SKU0638,Grocery_Product_638,Grocery,Zen,97.01,233.11
SKU0639,Sports_Product_639,Sports,Alpha,147.46,243.32
SKU0640,Pet_Product_640,Pet,Smart,210.55,166.27
SKU0641,Stationery_Product_641,Stationery,Nova,244.0,66.39
SKU0642,Beauty_Product_642,Beauty,Smart,37.26,402.02
SKU0643,Sports_Product_643,Sports,Alpha,56.46,88.47
SKU0644,Automotive_Product_644,Automotive,Eco,73.4,208.47
SKU0645,Grocery_Product_645,Grocery,Prime,193.94,221.75
SKU0646,Electronics_Product_646,Electronics,Smart,186.16,106.69
SKU0647,Automotive_Product_647,Automotive,Eco,6.31,115.25
SKU0648,Stationery_Product_648,Stationery,Smart,243.58,40.66
SKU0649,Home_Product_649,Home,Alpha,60.15,169.73
SKU0650,Pet_Product_650,Pet,Nova,82.39,432.69
SKU0651,Beauty_Product_651,Beauty,Alpha,119.65,202.35
SKU0652,Home_Product_652,Home,Zen,108.84,234.35
SKU0653,Grocery_Product_653,Grocery,Smart,213.27,155.75
SKU0654,Home_Product_654,Home,Smart,44.51,67.75
SKU0655,Stationery_Product_655,Stationery,Nova,59.0,349.78
SKU0656,Automotive_Product_656,Automotive,Eco,180.95,291.65
SKU0657,Automotive_Product_657,Automotive,Prime,148.57,273.32
SKU0658,Grocery_Product_658,Grocery,Alpha,54.23,151.53
SKU0659,Grocery_Product_659,Grocery,Zen,253.39,313.51
SKU0660,Beauty_Product_660,Beauty,Nova,147.96,105.61
SKU0661,Automotive_Product_661,Automotive,Alpha,154.1,252.54
SKU0662,Pet_Product_662,Pet,Eco,214.49,227.49
SKU0663,Grocery_Product_663,Grocery,Nova,171.79,399.98
SKU0664,Sports_Product_664,Sports,Zen,14.65,120.17
SKU0665,Stationery_Product_665,Stationery,Prime,235.32,287.17
SKU0666,Pet_Product_666,Pet,Alpha,155.69,290.63
SKU0667,Stationery_Product_667,Stationery,Alpha,247.87,189.76
SKU0668,Electronics_Product_668,Electronics,Smart,135.2,117.09
SKU0669,Automotive_Product_669,Automotive,Nova,222.12,330.3
SKU0670,Sports_Product_670,Sports,Zen,263.07,25.79
SKU0671,Stationery_Product_671,Stationery,Zen,259.35,52.62
SKU0672,Home_Product_672,Home,Prime,66.91,371.43
SKU0673,Beauty_Product_673,Beauty,Smart,185.03,219.8
SKU0674,Grocery_Product_674,Grocery,Prime,244.99,404.67
SKU0675,Beauty_Product_675,Beauty,Alpha,87.92,274.0
SKU0676,Beauty_Product_676,Beauty,Smart,91.33,290.64
SKU0677,Home_Product_677,Home,Prime,289.02,394.99
SKU0678,Electronics_Product_678,Electronics,Zen,260.78,72.18
SKU0679,Grocery_Product_679,Grocery,Prime,48.14,167.83
SKU0680,Sports_Product_680,Sports,Smart,120.85,79.66
SKU0681,Stationery_Product_681,Stationery,Smart,127.2,231.48
SKU0682,Home_Product_682,Home,Eco,157.11,146.33
SKU0683,Beauty_Product_683,Beauty,Eco,285.32,170.37
SKU0684,Electronics_Product_684,Electronics,Smart,32.48,486.35
SKU0685,Beauty_Product_685,Beauty,Nova,239.72,204.88
SKU0686,Automotive_Product_686,Automotive,Prime,150.94,168.2
SKU0687,Stationery_Product_687,Stationery,Zen,166.46,73.99
SKU0688,Pet_Product_688,Pet,Zen,268.78,383.5
SKU0689,Electronics_Product_689,Electronics,Nova,189.72,419.98
SKU0690,Electronics_Product_690,Electronics,Nova,279.18,87.41
SKU0691,Pet_Product_691,Pet,Nova,297.59,219.62
SKU0692,Grocery_Product_692,Grocery,Smart,94.05,438.47
SKU0693,Stationery_Product_693,Stationery,Nova,198.1,132.69
SKU0694,Beauty_Product_694,Beauty,Smart,271.62,91.11
SKU0695,Automotive_Product_695,Automotive,Smart,95.13,352.73
SKU0696,Sports_Product_696,Sports,Eco,198.37,354.81
SKU0697,Electronics_Product_697,Electronics,Prime,145.66,75.02
SKU0698,Sports_Product_698,Sports,Alpha,205.59,14.55
SKU0699,Beauty_Product_699,Beauty,Nova,296.51,216.93
SKU0700,Grocery_Product_700,Grocery,Eco,25.89,197.7
SKU0701,Home_Product_701,Home,Nova,97.44,441.68
SKU0702,Grocery_Product_702,Grocery,Eco,233.17,379.05
SKU0703,Grocery_Product_703,Grocery,Smart,297.92,80.0
SKU0704,Electronics_Product_704,Electronics,Alpha,196.76,225.65
SKU0705,Sports_Product_705,Sports,Smart,225.74,460.75
SKU0706,Pet_Product_706,Pet,Prime,30.57,59.23
SKU0707,Home_Product_707,Home,Alpha,220.35,182.25
SKU0708,Automotive_Product_708,Automotive,Zen,238.37,131.42
SKU0709,Home_Product_709,Home,Prime,168.25,304.0
SKU0710,Stationery_Product_710,Stationery,Smart,12.91,425.06
SKU0711,Stationery_Product_711,Stationery,Prime,157.74,259.67
SKU0712,Automotive_Product_712,Automotive,Zen,195.62,394.06
SKU0713,Sports_Product_713,Sports,Eco,118.84,128.13
SKU0714,Home_Product_714,Home,Alpha,267.17,15.91
SKU0715,Beauty_Product_715,Beauty,Zen,43.93,431.8
SKU0716,Automotive_Product_716,Automotive,Zen,166.18,94.66
SKU0717,Pet_Product_717,Pet,Nova,9.92,43.09
SKU0718,Stationery_Product_718,Stationery,Prime,16.75,39.63
SKU0719,Automotive_Product_719,Automotive,Alpha,89.51,359.19
SKU0720,Automotive_Product_720,Automotive,Eco,212.03,50.39
SKU0721,Grocery_Product_721,Grocery,Zen,29.66,48.72
SKU0722,Sports_Product_722,Sports,Prime,163.24,201.46
SKU0723,Home_Product_723,Home,Zen,211.11,367.68
SKU0724,Sports_Product_724,Sports,Nova,77.12,463.07
SKU0725,Home_Product_725,Home,Eco,185.63,36.96
SKU0726,Grocery_Product_726,Grocery,Nova,8.74,77.23
SKU0727,Electronics_Product_727,Electronics,Prime,151.44,179.89
SKU0728,Stationery_Product_728,Stationery,Prime,114.7,377.39
SKU0729,Stationery_Product_729,Stationery,Smart,266.49,388.0
SKU0730,Electronics_Product_730,Electronics,Zen,243.1,143.27
SKU0731,Home_Product_731,Home,Zen,215.14,292.56
SKU0732,Home_Product_732,Home,Eco,139.28,186.46
SKU0733,Pet_Product_733,Pet,Alpha,54.23,87.08
SKU0734,Home_Product_734,Home,Alpha,203.87,66.51
SKU0735,Electronics_Product_735,Electronics,Nova,258.31,16.02
SKU0736,Electronics_Product_736,Electronics,Eco,112.37,460.91
SKU0737,Grocery_Product_737,Grocery,Nova,168.1,457.83
SKU0738,Automotive_Product_738,Automotive,Prime,99.93,213.97
SKU0739,Beauty_Product_739,Beauty,Zen,248.67,290.05
SKU0740,Home_Product_740,Home,Alpha,203.63,35.81
SKU0741,Sports_Product_741,Sports,Alpha,294.52,477.5
SKU0742,Home_Product_742,Home,Eco,260.48,389.03
SKU0743,Stationery_Product_743,Stationery,Zen,30.48,233.81
SKU0744,Beauty_Product_744,Beauty,Prime,91.02,394.41
SKU0745,Sports_Product_745,Sports,Eco,113.64,486.21
SKU0746,Sports_Product_746,Sports,Smart,270.63,382.64
SKU0747,Sports_Product_747,Sports,Prime,6.88,210.92
SKU0748,Sports_Product_748,Sports,Alpha,107.19,421.39
SKU0749,Electronics_Product_749,Electronics,Zen,5.43,332.08
SKU0750,Stationery_Product_750,Stationery,Nova,65.53,491.73
SKU0751,Automotive_Product_751,Automotive,Eco,288.55,486.55
SKU0752,Grocery_Product_752,Grocery,Smart,87.55,31.51
SKU0753,Sports_Product_753,Sports,Alpha,126.85,448.83
SKU0754,Pet_Product_754,Pet,Smart,30.05,56.83
SKU0755,Grocery_Product_755,Grocery,Smart,246.89,46.67
SKU0756,Electronics_Product_756,Electronics,Eco,200.42,74.05
SKU0757,Stationery_Product_757,Stationery,Zen,256.02,463.76
SKU0758,Automotive_Product_758,Automotive,Smart,250.41,169.86
SKU0759,Pet_Product_759,Pet,Zen,73.92,472.34
SKU0760,Grocery_Product_760,Grocery,Alpha,37.15,61.77
SKU0761,Pet_Product_761,Pet,Eco,97.64,69.16
SKU0762,Beauty_Product_762,Beauty,Prime,138.32,237.04
SKU0763,Home_Product_763,Home,Nova,51.5,346.17
SKU0764,Electronics_Product_764,Electronics,Prime,251.6,170.62
SKU0765,Home_Product_765,Home,Smart,78.22,184.31
SKU0766,Electronics_Product_766,Electronics,Smart,93.16,411.84
SKU0767,Grocery_Product_767,Grocery,Nova,285.87,428.75
SKU0768,Sports_Product_768,Sports,Nova,141.3,403.91
SKU0769,Grocery_Product_769,Grocery,Nova,8.53,416.88
SKU0770,Sports_Product_770,Sports,Prime,63.45,206.29
SKU0771,Home_Product_771,Home,Alpha,177.91,459.54
SKU0772,Home_Product_772,Home,Nova,299.16,106.9
SKU0773,Pet_Product_773,Pet,Prime,32.13,425.16
SKU0774,Beauty_Product_774,Beauty,Nova,17.6,235.89
SKU0775,Grocery_Product_775,Grocery,Alpha,132.78,364.97
SKU0776,Pet_Product_776,Pet,Nova,117.91,219.07
SKU0777,Beauty_Product_777,Beauty,Prime,272.95,144.74
SKU0778,Pet_Product_778,Pet,Prime,15.22,313.4
SKU0779,Sports_Product_779,Sports,Smart,92.06,211.88
SKU0780,Pet_Product_780,Pet,Nova,30.88,197.68
SKU0781,Automotive_Product_781,Automotive,Prime,194.58,400.63
SKU0782,Sports_Product_782,Sports,Smart,298.26,276.39
SKU0783,Electronics_Product_783,Electronics,Eco,235.67,185.96
SKU0784,Pet_Product_784,Pet,Zen,274.24,256.17
SKU0785,Automotive_Product_785,Automotive,Zen,58.05,166.25
SKU0786,Sports_Product_786,Sports,Nova,269.25,391.48
SKU0787,Electronics_Product_787,Electronics,Eco,161.18,385.75
SKU0788,Sports_Product_788,Sports,Prime,34.54,331.86
SKU0789,Stationery_Product_789,Stationery,Alpha,245.8,459.46
SKU0790,Electronics_Product_790,Electronics,Prime,174.83,491.51
SKU0791,Automotive_Product_791,Automotive,Zen,280.89,495.86
SKU0792,Grocery_Product_792,Grocery,Prime,74.78,165.82
SKU0793,Beauty_Product_793,Beauty,Alpha,13.32,353.27
SKU0794,Grocery_Product_794,Grocery,Alpha,284.77,419.98
SKU0795,Pet_Product_795,Pet,Alpha,96.17,250.31
SKU0796,Home_Product_796,Home,Nova,73.62,117.22
SKU0797,Pet_Product_797,Pet,Nova,102.86,310.93
SKU0798,Grocery_Product_798,Grocery,Zen,216.5,460.2
SKU0799,Beauty_Product_799,Beauty,Nova,11.46,297.44
SKU0800,Grocery_Product_800,Grocery,Nova,254.71,431.73
SKU0801,Home_Product_801,Home,Zen,212.84,334.45
SKU0802,Home_Product_802,Home,Zen,94.02,76.86
SKU0803,Grocery_Product_803,Grocery,Smart,284.86,398.0
SKU0804,Pet_Product_804,Pet,Smart,98.6,356.52
SKU0805,Beauty_Product_805,Beauty,Prime,201.33,409.08
SKU0806,Automotive_Product_806,Automotive,Zen,221.53,154.31
SKU0807,Grocery_Product_807,Grocery,Smart,5.53,353.98
SKU0808,Automotive_Product_808,Automotive,Alpha,14.55,305.17
SKU0809,Sports_Product_809,Sports,Smart,171.84,468.98
SKU0810,Grocery_Product_810,Grocery,Zen,224.88,126.62
SKU0811,Beauty_Product_811,Beauty,Prime,192.68,481.91
SKU0812,Beauty_Product_812,Beauty,Eco,8.36,112.75
SKU0813,Home_Product_813,Home,Zen,80.71,62.94
SKU0814,Electronics_Product_814,Electronics,Nova,118.85,368.97
SKU0815,Grocery_Product_815,Grocery,Eco,150.46,195.57
SKU0816,Automotive_Product_816,Automotive,Nova,249.5,396.48
SKU0817,Sports_Product_817,Sports,Prime,138.13,401.61
SKU0818,Electronics_Product_818,Electronics,Zen,10.92,137.95
SKU0819,Home_Product_819,Home,Nova,105.83,445.09
SKU0820,Grocery_Product_820,Grocery,Smart,27.13,471.5
SKU0821,Home_Product_821,Home,Zen,180.24,310.69
SKU0822,Pet_Product_822,Pet,Smart,14.14,471.8
SKU0823,Grocery_Product_823,Grocery,Alpha,267.48,86.98
SKU0824,Home_Product_824,Home,Zen,65.64,103.09
SKU0825,Stationery_Product_825,Stationery,Smart,88.05,126.4
SKU0826,Electronics_Product_826,Electronics,Eco,173.67,421.53
SKU0827,Grocery_Product_827,Grocery,Nova,111.44,219.53
SKU0828,Stationery_Product_828,Stationery,Smart,189.4,245.36
SKU0829,Home_Product_829,Home,Nova,66.05,322.71
SKU0830,Home_Product_830,Home,Eco,253.91,161.09
SKU0831,Automotive_Product_831,Automotive,Eco,149.28,333.91
SKU0832,Home_Product_832,Home,Smart,165.52,100.59
SKU0833,Automotive_Product_833,Automotive,Zen,60.04,31.86
SKU0834,Pet_Product_834,Pet,Eco,82.7,420.17
SKU0835,Electronics_Product_835,Electronics,Prime,226.91,337.06
SKU0836,Home_Product_836,Home,Smart,106.42,275.31
SKU0837,Sports_Product_837,Sports,Alpha,22.99,199.68
SKU0838,Automotive_Product_838,Automotive,Alpha,207.69,468.82
SKU0839,Sports_Product_839,Sports,Eco,93.16,203.45
SKU0840,Electronics_Product_840,Electronics,Alpha,173.51,263.24
SKU0841,Grocery_Product_841,Grocery,Nova,285.03,230.03
SKU0842,Grocery_Product_842,Grocery,Prime,243.5,71.83
SKU0843,Automotive_Product_843,Automotive,Nova,296.54,223.34
SKU0844,Grocery_Product_844,Grocery,Alpha,81.08,456.29
SKU0845,Home_Product_845,Home,Nova,119.49,204.7
SKU0846,Beauty_Product_846,Beauty,Zen,158.31,459.41
SKU0847,Electronics_Product_847,Electronics,Smart,188.8,266.06
SKU0848,Automotive_Product_848,Automotive,Nova,127.26,82.62
SKU0849,Home_Product_849,Home,Nova,170.99,59.49
SKU0850,Stationery_Product_850,Stationery,Alpha,264.64,440.17
SKU0851,Stationery_Product_851,Stationery,Eco,198.16,290.29
SKU0852,Pet_Product_852,Pet,Nova,55.8,207.46
SKU0853,Automotive_Product_853,Automotive,Nova,121.76,440.69
SKU0854,Sports_Product_854,Sports,Nova,225.0,461.21
SKU0855,Beauty_Product_855,Beauty,Nova,104.67,398.89
SKU0856,Stationery_Product_856,Stationery,Zen,253.64,430.54
SKU0857,Home_Product_857,Home,Prime,44.64,487.37
SKU0858,Pet_Product_858,Pet,Zen,84.48,214.22
SKU0859,Home_Product_859,Home,Prime,135.31,457.58
SKU0860,Automotive_Product_860,Automotive,Smart,147.92,263.09
SKU0861,Beauty_Product_861,Beauty,Nova,157.0,87.9
SKU0862,Stationery_Product_862,Stationery,Smart,154.5,76.47
SKU0863,Electronics_Product_863,Electronics,Prime,61.87,418.14
SKU0864,Electronics_Product_864,Electronics,Prime,14.76,34.77
SKU0865,Beauty_Product_865,Beauty,Smart,63.74,190.49
SKU0866,Pet_Product_866,Pet,Alpha,122.1,462.31
SKU0867,Electronics_Product_867,Electronics,Prime,114.88,301.08
SKU0868,Grocery_Product_868,Grocery,Eco,178.13,181.38
SKU0869,Grocery_Product_869,Grocery,Zen,225.94,347.54
SKU0870,Stationery_Product_870,Stationery,Nova,119.04,89.82
SKU0871,Sports_Product_871,Sports,Prime,195.98,342.07
SKU0872,Stationery_Product_872,Stationery,Smart,125.8,19.83
SKU0873,Electronics_Product_873,Electronics,Eco,273.9,327.21
SKU0874,Electronics_Product_874,Electronics,Prime,79.46,404.49
SKU0875,Stationery_Product_875,Stationery,Smart,290.27,324.94
SKU0876,Automotive_Product_876,Automotive,Eco,256.22,234.91
SKU0877,Sports_Product_877,Sports,Eco,94.13,265.11
SKU0878,Automotive_Product_878,Automotive,Alpha,35.18,260.64
SKU0879,Beauty_Product_879,Beauty,Alpha,195.97,308.43
SKU0880,Stationery_Product_880,Stationery,Smart,36.89,41.28
SKU0881,Stationery_Product_881,Stationery,Smart,100.92,145.67
SKU0882,Stationery_Product_882,Stationery,Prime,49.23,385.08
SKU0883,Electronics_Product_883,Electronics,Alpha,124.21,166.6
SKU0884,Grocery_Product_884,Grocery,Smart,12.51,253.71
SKU0885,Stationery_Product_885,Stationery,Zen,272.54,208.25
SKU0886,Electronics_Product_886,Electronics,Alpha,213.88,290.3
SKU0887,Sports_Product_887,Sports,Zen,219.33,118.96
SKU0888,Pet_Product_888,Pet,Smart,110.76,157.1
SKU0889,Grocery_Product_889,Grocery,Smart,263.57,98.76
SKU0890,Home_Product_890,Home,Eco,42.74,136.74
SKU0891,Grocery_Product_891,Grocery,Smart,270.38,330.67
SKU0892,Sports_Product_892,Sports,Zen,70.88,437.0
SKU0893,Automotive_Product_893,Automotive,Zen,114.65,296.93
SKU0894,Pet_Product_894,Pet,Nova,143.81,434.53
SKU0895,Home_Product_895,Home,Eco,267.38,255.23
SKU0896,Automotive_Product_896,Automotive,Alpha,93.01,36.49
SKU0897,Grocery_Product_897,Grocery,Prime,297.74,177.91
SKU0898,Pet_Product_898,Pet,Prime,98.33,360.68
SKU0899,Home_Product_899,Home,Eco,103.13,493.45
SKU0900,Beauty_Product_900,Beauty,Smart,22.11,231.51
SKU0901,Sports_Product_901,Sports,Prime,175.0,87.63
SKU0902,Home_Product_902,Home,Prime,186.27,320.41
SKU0903,Automotive_Product_903,Automotive,Eco,289.77,197.83
SKU0904,Electronics_Product_904,Electronics,Alpha,63.83,192.82
SKU0905,Electronics_Product_905,Electronics,Zen,228.27,270.21
SKU0906,Electronics_Product_906,Electronics,Smart,6.22,369.47
SKU0907,Sports_Product_907,Sports,Smart,263.71,162.93
SKU0908,Home_Product_908,Home,Eco,153.48,160.0
SKU0909,Home_Product_909,Home,Nova,92.97,152.51
SKU0910,Beauty_Product_910,Beauty,Eco,266.95,497.78
SKU0911,Beauty_Product_911,Beauty,Eco,110.98,102.33
SKU0912,Automotive_Product_912,Automotive,Nova,72.38,366.31
SKU0913,Grocery_Product_913,Grocery,Prime,221.55,298.95
SKU0914,Grocery_Product_914,Grocery,Nova,113.14,328.76
SKU0915,Electronics_Product_915,Electronics,Eco,263.58,135.34
SKU0916,Electronics_Product_916,Electronics,Alpha,298.43,334.37
SKU0917,Electronics_Product_917,Electronics,Nova,208.48,214.22
SKU0918,Automotive_Product_918,Automotive,Nova,166.45,242.45
SKU0919,Grocery_Product_919,Grocery,Prime,210.08,318.85
SKU0920,Stationery_Product_920,Stationery,Eco,200.19,334.62
SKU0921,Stationery_Product_921,Stationery,Alpha,183.66,77.21
SKU0922,Home_Product_922,Home,Alpha,217.04,67.69
SKU0923,Home_Product_923,Home,Nova,151.83,308.41
SKU0924,Stationery_Product_924,Stationery,Alpha,292.07,185.38
SKU0925,Automotive_Product_925,Automotive,Zen,52.31,278.59
SKU0926,Sports_Product_926,Sports,Smart,280.27,172.0
SKU0927,Electronics_Product_927,Electronics,Nova,203.13,454.37
SKU0928,Pet_Product_928,Pet,Prime,285.09,391.97
SKU0929,Home_Product_929,Home,Smart,218.45,453.34
SKU0930,Sports_Product_930,Sports,Eco,296.66,155.05
SKU0931,Pet_Product_931,Pet,Nova,34.44,95.6
SKU0932,Electronics_Product_932,Electronics,Zen,111.26,341.62
SKU0933,Automotive_Product_933,Automotive,Smart,39.19,427.11
SKU0934,Electronics_Product_934,Electronics,Nova,256.34,335.04
SKU0935,Grocery_Product_935,Grocery,Zen,110.47,224.48
SKU0936,Stationery_Product_936,Stationery,Smart,32.42,409.33
SKU0937,Grocery_Product_937,Grocery,Nova,123.23,481.53
SKU0938,Stationery_Product_938,Stationery,Eco,208.52,244.34
SKU0939,Automotive_Product_939,Automotive,Smart,266.41,91.72
SKU0940,Grocery_Product_940,Grocery,Smart,219.29,490.97
SKU0941,Grocery_Product_941,Grocery,Nova,127.73,299.47
SKU0942,Pet_Product_942,Pet,Prime,185.34,391.79
SKU0943,Electronics_Product_943,Electronics,Smart,264.59,366.37
SKU0944,Grocery_Product_944,Grocery,Eco,276.52,65.34
SKU0945,Automotive_Product_945,Automotive,Eco,18.56,138.19
SKU0946,Beauty_Product_946,Beauty,Nova,212.85,342.19
SKU0947,Sports_Product_947,Sports,Smart,262.58,264.36
SKU0948,Home_Product_948,Home,Eco,200.21,131.8
SKU0949,Beauty_Product_949,Beauty,Smart,204.51,198.59
SKU0950,Electronics_Product_950,Electronics,Nova,194.8,86.89
SKU0951,Pet_Product_951,Pet,Eco,261.48,46.68
SKU0952,Pet_Product_952,Pet,Zen,76.06,485.37
SKU0953,Electronics_Product_953,Electronics,Alpha,70.7,325.23
SKU0954,Automotive_Product_954,Automotive,Prime,28.26,227.65
SKU0955,Pet_Product_955,Pet,Nova,257.69,229.06
SKU0956,Home_Product_956,Home,Eco,224.85,18.71
SKU0957,Automotive_Product_957,Automotive,Eco,15.57,279.06
SKU0958,Home_Product_958,Home,Alpha,289.14,322.39
SKU0959,Sports_Product_959,Sports,Smart,203.08,475.67
SKU0960,Beauty_Product_960,Beauty,Nova,245.89,423.72
SKU0961,Beauty_Product_961,Beauty,Alpha,231.39,303.98
SKU0962,Beauty_Product_962,Beauty,Smart,138.5,57.74
SKU0963,Sports_Product_963,Sports,Nova,105.7,416.64
SKU0964,Stationery_Product_964,Stationery,Alpha,158.99,354.03
SKU0965,Electronics_Product_965,Electronics,Prime,150.26,412.7
SKU0966,Automotive_Product_966,Automotive,Nova,80.02,106.0
SKU0967,Home_Product_967,Home,Eco,68.6,414.03
SKU0968,Sports_Product_968,Sports,Smart,104.69,381.0
SKU0969,Electronics_Product_969,Electronics,Smart,252.05,298.52
SKU0970,Pet_Product_970,Pet,Eco,199.24,478.53
SKU0971,Grocery_Product_971,Grocery,Eco,6.28,370.74
SKU0972,Automotive_Product_972,Automotive,Alpha,147.46,259.08
SKU0973,Grocery_Product_973,Grocery,Smart,175.67,367.94
SKU0974,Grocery_Product_974,Grocery,Nova,119.28,304.27
SKU0975,Beauty_Product_975,Beauty,Alpha,265.01,215.15
SKU0976,Sports_Product_976,Sports,Zen,122.37,178.0
SKU0977,Stationery_Product_977,Stationery,Eco,242.42,77.71
SKU0978,Stationery_Product_978,Stationery,Smart,166.6,163.82
SKU0979,Sports_Product_979,Sports,Prime,66.87,360.05
SKU0980,Beauty_Product_980,Beauty,Smart,44.14,358.09
SKU0981,Grocery_Product_981,Grocery,Alpha,165.03,322.07
SKU0982,Home_Product_982,Home,Zen,170.87,295.58
SKU0983,Automotive_Product_983,Automotive,Smart,225.62,422.28
SKU0984,Stationery_Product_984,Stationery,Eco,243.45,266.14
SKU0985,Electronics_Product_985,Electronics,Eco,47.87,338.42
SKU0986,Sports_Product_986,Sports,Zen,226.3,88.86
SKU0987,Stationery_Product_987,Stationery,Smart,78.92,421.3
SKU0988,Stationery_Product_988,Stationery,Prime,227.31,25.83
SKU0989,Pet_Product_989,Pet,Nova,186.75,341.01
SKU0990,Sports_Product_990,Sports,Smart,195.9,200.55
SKU0991,Stationery_Product_991,Stationery,Smart,201.03,463.98
SKU0992,Automotive_Product_992,Automotive,Eco,287.23,488.15
SKU0993,Beauty_Product_993,Beauty,Alpha,20.87,374.4
SKU0994,Sports_Product_994,Sports,Alpha,261.31,431.62
SKU0995,Pet_Product_995,Pet,Prime,273.89,355.27
SKU0996,Beauty_Product_996,Beauty,Alpha,166.25,305.66
SKU0997,Sports_Product_997,Sports,Zen,137.4,491.89
SKU0998,Home_Product_998,Home,Prime,288.93,370.19
SKU0999,Home_Product_999,Home,Eco,16.99,146.77
SKU1000,Stationery_Product_1000,Stationery,Prime,52.47,424.55
